attribute,name,B0367,B0377,compatible,notes
marker,C7,anatomical,anatomical,yes,
marker,CLAV,anatomical,anatomical,yes,
marker,CentreOfMass,derived,derived,yes,
marker,CentreOfMassFloor,derived,derived,yes,
marker,HEDA,cluster,cluster,yes,
marker,HEDL,cluster,cluster,yes,
marker,HEDO,cluster,cluster,yes,
marker,HEDP,cluster,cluster,yes,
marker,HeadCOM,derived,ausente,no,
marker,LAJC,derived,ausente,no,
marker,LANK,anatomical,anatomical,yes,
marker,LASI,anatomical,anatomical,yes,
marker,LAbsAnkleAngle,derived,derived,yes,
marker,LAnkleAngles,derived,derived,yes,
marker,LAnkleForce,derived,derived,yes,
marker,LAnkleMoment,derived,derived,yes,
marker,LAnklePower,derived,derived,yes,
marker,LBHD,anatomical,anatomical,yes,
marker,LCLA,cluster,cluster,yes,
marker,LCLL,cluster,cluster,yes,
marker,LCLO,cluster,cluster,yes,
marker,LCLP,cluster,cluster,yes,
marker,LEJC,derived,ausente,no,
marker,LELB,anatomical,anatomical,yes,
marker,LElbowAngles,derived,derived,yes,
marker,LElbowForce,derived,derived,yes,
marker,LElbowMoment,derived,derived,yes,
marker,LElbowPower,derived,derived,yes,
marker,LFEA,cluster,cluster,yes,
marker,LFEL,cluster,cluster,yes,
marker,LFEO,cluster,cluster,yes,
marker,LFEP,cluster,cluster,yes,
marker,LFHD,anatomical,anatomical,yes,
marker,LFIN,anatomical,anatomical,yes,
marker,LFOA,cluster,cluster,yes,
marker,LFOL,cluster,cluster,yes,
marker,LFOO,cluster,cluster,yes,
marker,LFOP,cluster,cluster,yes,
marker,LFRM,anatomical,anatomical,yes,
marker,LFootProgressAngles,derived,derived,yes,
marker,LHEE,anatomical,anatomical,yes,
marker,LHJC,derived,ausente,no,
marker,LHNA,cluster,cluster,yes,
marker,LHNL,cluster,cluster,yes,
marker,LHNO,cluster,cluster,yes,
marker,LHNP,cluster,cluster,yes,
marker,LHUA,cluster,cluster,yes,
marker,LHUL,cluster,cluster,yes,
marker,LHUO,cluster,cluster,yes,
marker,LHUP,cluster,cluster,yes,
marker,LHeadAngles,derived,derived,yes,
marker,LHipAngles,derived,derived,yes,
marker,LHipForce,derived,derived,yes,
marker,LHipMoment,derived,derived,yes,
marker,LHipPower,derived,derived,yes,
marker,LKJC,derived,ausente,no,
marker,LKNE,anatomical,anatomical,yes,
marker,LKneeAngles,derived,derived,yes,
marker,LKneeForce,derived,derived,yes,
marker,LKneeMoment,derived,derived,yes,
marker,LKneePower,derived,derived,yes,
marker,LNeckAngles,derived,derived,yes,
marker,LNeckForce,derived,derived,yes,
marker,LNeckMoment,derived,derived,yes,
marker,LNeckPower,derived,derived,yes,
marker,LPSI,anatomical,anatomical,yes,
marker,LPelvisAngles,derived,derived,yes,
marker,LRAA,cluster,cluster,yes,
marker,LRAL,cluster,cluster,yes,
marker,LRAO,cluster,cluster,yes,
marker,LRAP,cluster,cluster,yes,
marker,LSHO,anatomical,anatomical,yes,
marker,LSJC,derived,ausente,no,
marker,LShoulderAngles,derived,derived,yes,
marker,LShoulderForce,derived,derived,yes,
marker,LShoulderMoment,derived,derived,yes,
marker,LShoulderPower,derived,derived,yes,
marker,LSpineAngles,derived,derived,yes,
marker,LTHI,anatomical,anatomical,yes,
marker,LTIA,cluster,cluster,yes,
marker,LTIB,anatomical,anatomical,yes,
marker,LTIL,cluster,cluster,yes,
marker,LTIO,cluster,cluster,yes,
marker,LTIP,cluster,cluster,yes,
marker,LTOA,cluster,cluster,yes,
marker,LTOE,anatomical,anatomical,yes,
marker,LTOL,cluster,cluster,yes,
marker,LTOO,cluster,cluster,yes,
marker,LTOP,cluster,cluster,yes,
marker,LThoraxAngles,derived,derived,yes,
marker,LUPA,anatomical,anatomical,yes,
marker,LWJC,derived,ausente,no,
marker,LWRA,anatomical,anatomical,yes,
marker,LWRB,anatomical,anatomical,yes,
marker,LWaistForce,derived,derived,yes,
marker,LWaistMoment,derived,derived,yes,
marker,LWaistPower,derived,derived,yes,
marker,LWristAngles,derived,derived,yes,
marker,LWristForce,derived,derived,yes,
marker,LWristMoment,derived,derived,yes,
marker,LWristPower,derived,derived,yes,
marker,LeftFemurCOM,derived,ausente,no,
marker,LeftFootCOM,derived,ausente,no,
marker,LeftHandCOM,derived,ausente,no,
marker,LeftHumerusCOM,derived,ausente,no,
marker,LeftRadiusCOM,derived,ausente,no,
marker,LeftTibiaCOM,derived,ausente,no,
marker,PELA,cluster,cluster,yes,
marker,PELL,cluster,cluster,yes,
marker,PELO,cluster,cluster,yes,
marker,PELP,cluster,cluster,yes,
marker,PelvisCOM,derived,ausente,no,
marker,RAJC,derived,ausente,no,
marker,RANK,anatomical,anatomical,yes,
marker,RASI,anatomical,anatomical,yes,
marker,RAbsAnkleAngle,derived,derived,yes,
marker,RAnkleAngles,derived,derived,yes,
marker,RAnkleForce,derived,derived,yes,
marker,RAnkleMoment,derived,derived,yes,
marker,RAnklePower,derived,derived,yes,
marker,RBAK,anatomical,anatomical,yes,
marker,RBHD,anatomical,anatomical,yes,
marker,RCLA,cluster,cluster,yes,
marker,RCLL,cluster,cluster,yes,
marker,RCLO,cluster,cluster,yes,
marker,RCLP,cluster,cluster,yes,
marker,REJC,derived,ausente,no,
marker,RELB,anatomical,anatomical,yes,
marker,RElbowAngles,derived,derived,yes,
marker,RElbowForce,derived,derived,yes,
marker,RElbowMoment,derived,derived,yes,
marker,RElbowPower,derived,derived,yes,
marker,RFEA,cluster,cluster,yes,
marker,RFEL,cluster,cluster,yes,
marker,RFEO,cluster,cluster,yes,
marker,RFEP,cluster,cluster,yes,
marker,RFHD,anatomical,anatomical,yes,
marker,RFIN,anatomical,anatomical,yes,
marker,RFOA,cluster,cluster,yes,
marker,RFOL,cluster,cluster,yes,
marker,RFOO,cluster,cluster,yes,
marker,RFOP,cluster,cluster,yes,
marker,RFRM,anatomical,anatomical,yes,
marker,RFootProgressAngles,derived,derived,yes,
marker,RHEE,anatomical,anatomical,yes,
marker,RHJC,derived,ausente,no,
marker,RHNA,cluster,cluster,yes,
marker,RHNL,cluster,cluster,yes,
marker,RHNO,cluster,cluster,yes,
marker,RHNP,cluster,cluster,yes,
marker,RHUA,cluster,cluster,yes,
marker,RHUL,cluster,cluster,yes,
marker,RHUO,cluster,cluster,yes,
marker,RHUP,cluster,cluster,yes,
marker,RHeadAngles,derived,derived,yes,
marker,RHipAngles,derived,derived,yes,
marker,RHipForce,derived,derived,yes,
marker,RHipMoment,derived,derived,yes,
marker,RHipPower,derived,derived,yes,
marker,RKJC,derived,ausente,no,
marker,RKNE,anatomical,anatomical,yes,
marker,RKneeAngles,derived,derived,yes,
marker,RKneeForce,derived,derived,yes,
marker,RKneeMoment,derived,derived,yes,
marker,RKneePower,derived,derived,yes,
marker,RNeckAngles,derived,derived,yes,
marker,RNeckForce,derived,derived,yes,
marker,RNeckMoment,derived,derived,yes,
marker,RNeckPower,derived,derived,yes,
marker,RPSI,anatomical,anatomical,yes,
marker,RPelvisAngles,derived,derived,yes,
marker,RRAA,cluster,cluster,yes,
marker,RRAL,cluster,cluster,yes,
marker,RRAO,cluster,cluster,yes,
marker,RRAP,cluster,cluster,yes,
marker,RSHO,anatomical,anatomical,yes,
marker,RSJC,derived,ausente,no,
marker,RShoulderAngles,derived,derived,yes,
marker,RShoulderForce,derived,derived,yes,
marker,RShoulderMoment,derived,derived,yes,
marker,RShoulderPower,derived,derived,yes,
marker,RSpineAngles,derived,derived,yes,
marker,RTHI,anatomical,anatomical,yes,
marker,RTIA,cluster,cluster,yes,
marker,RTIB,anatomical,anatomical,yes,
marker,RTIL,cluster,cluster,yes,
marker,RTIO,cluster,cluster,yes,
marker,RTIP,cluster,cluster,yes,
marker,RTOA,cluster,cluster,yes,
marker,RTOE,anatomical,anatomical,yes,
marker,RTOL,cluster,cluster,yes,
marker,RTOO,cluster,cluster,yes,
marker,RTOP,cluster,cluster,yes,
marker,RThoraxAngles,derived,derived,yes,
marker,RUPA,anatomical,anatomical,yes,
marker,RWJC,derived,ausente,no,
marker,RWRA,anatomical,anatomical,yes,
marker,RWRB,anatomical,anatomical,yes,
marker,RWaistForce,derived,derived,yes,
marker,RWaistMoment,derived,derived,yes,
marker,RWaistPower,derived,derived,yes,
marker,RWristAngles,derived,derived,yes,
marker,RWristForce,derived,derived,yes,
marker,RWristMoment,derived,derived,yes,
marker,RWristPower,derived,derived,yes,
marker,RightFemurCOM,derived,ausente,no,
marker,RightFootCOM,derived,ausente,no,
marker,RightHandCOM,derived,ausente,no,
marker,RightHumerusCOM,derived,ausente,no,
marker,RightRadiusCOM,derived,ausente,no,
marker,RightTibiaCOM,derived,ausente,no,
marker,STRN,anatomical,anatomical,yes,
marker,T10,anatomical,anatomical,yes,
marker,TRXA,cluster,cluster,yes,
marker,TRXL,cluster,cluster,yes,
marker,TRXO,cluster,cluster,yes,
marker,TRXP,cluster,cluster,yes,
marker,ThoraxCOM,derived,ausente,no,
sampling_rate_hz,sampling_rate_hz,[np.float64(200.0)],[np.float64(250.0)],no,
units_position,units_position,['mm'],['mm'],yes,
analog_used,analog_used,[np.int64(0)],[np.int64(0)],yes,
n_files,n_files,26,39,no,
techniques,techniques,"['S01', 'S02', 'S03', 'S04', 'S05']","['S01', 'S02', 'S03', 'S04', 'S05']",yes,
conditions,conditions,"['E01', 'E02', 'E04']","['E01', 'E02', 'E03', 'E04']",no,
trials,trials,"['T01', 'T02']","['T01', 'T02']",yes,
n_points_range,n_points_range,"(218, 409)","(119, 382)",no,
n_frames_range,n_frames_range,"(1549, 2464)","(1585, 3215)",no,
plugin_gait_derived,plugin_gait_derived,si (~103),si (~72),no,
tarcza,tarcza,si (6 en E02),si (4 en E02),no,
subjects_multi,subjects_multi,si (E04: 2),si (E03/E04: 2),no,
