athlete_id,n,correct,errors,accuracy,techniques_present
B0371,12,8,4,0.6667,"S02,S03,S04,S05"
B0372,12,9,3,0.75,"S02,S03,S04,S05"
B0373,12,9,3,0.75,"S02,S03,S04,S05"
B0374,16,11,5,0.6875,"S02,S03,S04,S05"
B0375,16,9,7,0.5625,"S02,S03,S04,S05"
B0376,12,11,1,0.9167,"S02,S03,S04,S05"
B0377,9,8,1,0.8889,"S02,S03,S05"
B0378,12,12,0,1.0,"S02,S03,S04,S05"
B0379,15,8,7,0.5333,"S02,S03,S04,S05"
B0380,13,7,6,0.5385,"S02,S03,S04,S05"
B0381,18,8,10,0.4444,"S02,S03,S04,S05"
B0382,12,7,5,0.5833,"S02,S03,S04,S05"
B0383,14,6,8,0.4286,"S02,S03,S04,S05"
B0384,12,9,3,0.75,"S02,S03,S04,S05"
B0385,12,8,4,0.6667,"S02,S03,S04,S05"
B0386,12,9,3,0.75,"S02,S03,S04,S05"
B0387,12,10,2,0.8333,"S02,S03,S04,S05"
B0388,12,3,9,0.25,"S02,S03,S05"
B0389,12,10,2,0.8333,"S02,S03,S04,S05"
B0391,13,6,7,0.4615,"S02,S03,S04,S05"
B0392,12,5,7,0.4167,"S02,S03,S04,S05"
B0393,13,8,5,0.6154,"S02,S03,S04,S05"
B0394,12,11,1,0.9167,"S02,S03,S04,S05"
B0395,12,12,0,1.0,"S02,S03,S04,S05"
B0396,12,8,4,0.6667,"S02,S03,S04,S05"
B0398,12,7,5,0.5833,"S02,S03,S04,S05"
B0399,12,9,3,0.75,"S02,S03,S04,S05"
B0400,12,11,1,0.9167,"S02,S03,S04,S05"
B0401,13,6,7,0.4615,"S02,S03,S05"
B0402,13,7,6,0.5385,"S02,S03,S04,S05"
B0403,14,6,8,0.4286,"S02,S03,S04,S05"
B0404,12,8,4,0.6667,"S02,S03,S04,S05"
B0405,12,12,0,1.0,"S02,S03,S04,S05"
