experiment,execution_id,athlete_id,true_technique,predicted_technique,fold,prob_S02,prob_S03,prob_S04,prob_S05,correct
8B,B0373|S02|E01|T01|001,B0373,S02,S04,1,0.2433,0.0433,0.6233,0.09,False
8B,B0373|S02|E01|T01|002,B0373,S02,S04,1,0.27,0.0167,0.37,0.3433,False
8B,B0373|S02|E01|T01|003,B0373,S02,S02,1,0.3733,0.0333,0.3367,0.2567,True
8B,B0373|S03|E01|T01|001,B0373,S03,S04,1,0.3133,0.07,0.5367,0.08,False
8B,B0373|S03|E01|T01|002,B0373,S03,S03,1,0.0733,0.6467,0.2567,0.0233,True
8B,B0373|S03|E01|T01|003,B0373,S03,S03,1,0.0567,0.8,0.14,0.0033,True
8B,B0373|S04|E01|T01|001,B0373,S04,S04,1,0.01,0.02,0.8567,0.1133,True
8B,B0373|S04|E01|T01|002,B0373,S04,S04,1,0.0467,0.0033,0.82,0.13,True
8B,B0373|S04|E01|T01|003,B0373,S04,S04,1,0.0267,0.0033,0.6233,0.3467,True
8B,B0373|S05|E01|T01|001,B0373,S05,S05,1,0.0033,0.01,0.0533,0.9333,True
8B,B0373|S05|E01|T01|002,B0373,S05,S05,1,0.0467,0.0067,0.22,0.7267,True
8B,B0373|S05|E01|T01|003,B0373,S05,S05,1,0.0033,0.0033,0.03,0.9633,True
8B,B0381|S02|E01|T01|001,B0381,S02,S02,1,0.6867,0.1867,0.0367,0.09,True
8B,B0381|S02|E01|T01|002,B0381,S02,S02,1,0.4333,0.2033,0.1433,0.22,True
8B,B0381|S02|E01|T01|003,B0381,S02,S02,1,0.4667,0.1633,0.0733,0.2967,True
8B,B0381|S03|E01|T01|001,B0381,S03,S03,1,0.24,0.56,0.0333,0.1667,True
8B,B0381|S03|E01|T01|002,B0381,S03,S03,1,0.31,0.5633,0.02,0.1067,True
8B,B0381|S03|E01|T01|003,B0381,S03,S03,1,0.3867,0.51,0.0633,0.04,True
8B,B0381|S04|E01|T01|001,B0381,S04,S05,1,0.36,0.0367,0.21,0.3933,False
8B,B0381|S04|E01|T01|002,B0381,S04,S05,1,0.34,0.06,0.1833,0.4167,False
8B,B0381|S04|E01|T01|003,B0381,S04,S02,1,0.4233,0.0433,0.1367,0.3967,False
8B,B0381|S05|E01|T01|001,B0381,S05,S05,1,0.1067,0.2567,0.1733,0.4633,True
8B,B0381|S05|E01|T01|002,B0381,S05,S03,1,0.05,0.7667,0.0333,0.15,False
8B,B0381|S05|E01|T01|003,B0381,S05,S02,1,0.4067,0.3433,0.07,0.18,False
8B,B0381|S05|E01|T01|004,B0381,S05,S03,1,0.07,0.4367,0.1567,0.3367,False
8B,B0381|S05|E01|T01|005,B0381,S05,S03,1,0.1233,0.53,0.0733,0.2733,False
8B,B0381|S05|E01|T01|006,B0381,S05,S03,1,0.2167,0.5767,0.0867,0.12,False
8B,B0381|S05|E01|T01|007,B0381,S05,S05,1,0.0833,0.2567,0.0733,0.5867,True
8B,B0381|S05|E01|T01|008,B0381,S05,S03,1,0.0133,0.5433,0.2333,0.21,False
8B,B0381|S05|E01|T01|009,B0381,S05,S03,1,0.24,0.5533,0.04,0.1667,False
8B,B0385|S02|E01|T01|001,B0385,S02,S02,1,0.6633,0.0933,0.1633,0.08,True
8B,B0385|S02|E01|T01|002,B0385,S02,S02,1,0.4767,0.02,0.36,0.1433,True
8B,B0385|S02|E01|T01|003,B0385,S02,S04,1,0.2233,0.1867,0.5167,0.0733,False
8B,B0385|S03|E01|T01|001,B0385,S03,S02,1,0.3433,0.1833,0.15,0.3233,False
8B,B0385|S03|E01|T01|002,B0385,S03,S03,1,0.24,0.2867,0.23,0.2433,True
8B,B0385|S03|E01|T01|003,B0385,S03,S02,1,0.3233,0.13,0.2367,0.31,False
8B,B0385|S04|E01|T01|001,B0385,S04,S04,1,0.0633,0.1467,0.73,0.06,True
8B,B0385|S04|E01|T01|002,B0385,S04,S03,1,0.14,0.3967,0.3867,0.0767,False
8B,B0385|S04|E01|T01|003,B0385,S04,S04,1,0.05,0.12,0.78,0.05,True
8B,B0385|S05|E01|T01|001,B0385,S05,S05,1,0.2033,0.15,0.14,0.5067,True
8B,B0385|S05|E01|T01|002,B0385,S05,S05,1,0.0867,0.0433,0.11,0.76,True
8B,B0385|S05|E01|T01|003,B0385,S05,S05,1,0.1733,0.2033,0.0867,0.5367,True
8B,B0391|S02|E01|T01|001,B0391,S02,S05,1,0.16,0.0233,0.39,0.4267,False
8B,B0391|S02|E01|T01|002,B0391,S02,S04,1,0.0733,0.0067,0.88,0.04,False
8B,B0391|S02|E01|T01|003,B0391,S02,S04,1,0.1033,0.0167,0.77,0.11,False
8B,B0391|S03|E01|T01|001,B0391,S03,S04,1,0.1133,0.0533,0.7667,0.0667,False
8B,B0391|S03|E01|T01|002,B0391,S03,S04,1,0.3233,0.32,0.35,0.0067,False
8B,B0391|S03|E01|T01|003,B0391,S03,S04,1,0.1733,0.0667,0.5933,0.1667,False
8B,B0391|S04|E01|T01|001,B0391,S04,S04,1,0.04,0.0067,0.6767,0.2767,True
8B,B0391|S04|E01|T01|002,B0391,S04,S04,1,0.07,0.06,0.6067,0.2633,True
8B,B0391|S04|E01|T01|003,B0391,S04,S05,1,0.13,0.0867,0.3667,0.4167,False
8B,B0391|S05|E01|T01|001,B0391,S05,S05,1,0.08,0.01,0.2,0.71,True
8B,B0391|S05|E01|T01|002,B0391,S05,S05,1,0.06,0.04,0.3033,0.5967,True
8B,B0391|S05|E01|T01|003,B0391,S05,S05,1,0.19,0.27,0.05,0.49,True
8B,B0391|S05|E01|T01|004,B0391,S05,S05,1,0.0633,0.0167,0.2433,0.6767,True
8B,B0392|S02|E01|T01|001,B0392,S02,S04,1,0.2033,0.0367,0.68,0.08,False
8B,B0392|S02|E01|T01|002,B0392,S02,S04,1,0.08,0.02,0.88,0.02,False
8B,B0392|S02|E01|T01|003,B0392,S02,S04,1,0.1367,0.08,0.7267,0.0567,False
8B,B0392|S03|E01|T01|001,B0392,S03,S03,1,0.2133,0.3467,0.3033,0.1367,True
8B,B0392|S03|E01|T01|002,B0392,S03,S04,1,0.2633,0.0633,0.6367,0.0367,False
8B,B0392|S03|E01|T01|003,B0392,S03,S04,1,0.25,0.06,0.6633,0.0267,False
8B,B0392|S04|E01|T01|001,B0392,S04,S04,1,0.02,0.0033,0.87,0.1067,True
8B,B0392|S04|E01|T01|002,B0392,S04,S04,1,0.0133,0.0,0.8867,0.1,True
8B,B0392|S04|E01|T01|003,B0392,S04,S04,1,0.05,0.0067,0.8733,0.07,True
8B,B0392|S05|E01|T01|001,B0392,S05,S04,1,0.0667,0.01,0.5,0.4233,False
8B,B0392|S05|E01|T01|002,B0392,S05,S04,1,0.1267,0.0033,0.5167,0.3533,False
8B,B0392|S05|E01|T01|003,B0392,S05,S05,1,0.0467,0.0133,0.0967,0.8433,True
8B,B0399|S02|E01|T01|001,B0399,S02,S03,1,0.2033,0.7433,0.0433,0.01,False
8B,B0399|S02|E01|T01|002,B0399,S02,S03,1,0.1733,0.7533,0.0467,0.0267,False
8B,B0399|S02|E01|T01|003,B0399,S02,S03,1,0.1433,0.7267,0.1133,0.0167,False
8B,B0399|S03|E01|T01|001,B0399,S03,S03,1,0.0633,0.5433,0.3,0.0933,True
8B,B0399|S03|E01|T01|002,B0399,S03,S03,1,0.06,0.57,0.3,0.07,True
8B,B0399|S03|E01|T01|003,B0399,S03,S03,1,0.08,0.4733,0.38,0.0667,True
8B,B0399|S04|E01|T01|001,B0399,S04,S04,1,0.1233,0.0533,0.7967,0.0267,True
8B,B0399|S04|E01|T01|002,B0399,S04,S04,1,0.3233,0.1,0.5233,0.0533,True
8B,B0399|S04|E01|T01|003,B0399,S04,S04,1,0.0867,0.04,0.8233,0.05,True
8B,B0399|S05|E01|T01|001,B0399,S05,S05,1,0.02,0.0233,0.1133,0.8433,True
8B,B0399|S05|E01|T01|002,B0399,S05,S05,1,0.0,0.0,0.0533,0.9467,True
8B,B0399|S05|E01|T01|003,B0399,S05,S05,1,0.02,0.0133,0.0367,0.93,True
8B,B0371|S02|E01|T01|001,B0371,S02,S03,2,0.3967,0.55,0.0533,0.0,False
8B,B0371|S02|E01|T01|002,B0371,S02,S04,2,0.2933,0.08,0.6267,0.0,False
8B,B0371|S02|E01|T01|003,B0371,S02,S03,2,0.2,0.68,0.1167,0.0033,False
8B,B0371|S03|E01|T01|001,B0371,S03,S03,2,0.1033,0.7867,0.0933,0.0167,True
8B,B0371|S03|E01|T01|002,B0371,S03,S03,2,0.11,0.7733,0.0933,0.0233,True
8B,B0371|S03|E01|T01|003,B0371,S03,S03,2,0.0933,0.79,0.1,0.0167,True
8B,B0371|S04|E01|T01|001,B0371,S04,S04,2,0.1433,0.1067,0.7333,0.0167,True
8B,B0371|S04|E01|T01|002,B0371,S04,S04,2,0.16,0.0867,0.7333,0.02,True
8B,B0371|S04|E01|T01|003,B0371,S04,S03,2,0.27,0.3733,0.26,0.0967,False
8B,B0371|S05|E01|T01|001,B0371,S05,S05,2,0.2267,0.2033,0.05,0.52,True
8B,B0371|S05|E01|T01|002,B0371,S05,S05,2,0.0533,0.2867,0.09,0.57,True
8B,B0371|S05|E01|T01|003,B0371,S05,S05,2,0.0767,0.16,0.1167,0.6467,True
8B,B0375|S02|E01|T01|001,B0375,S02,S03,2,0.0833,0.7833,0.0933,0.04,False
8B,B0375|S02|E01|T01|002,B0375,S02,S03,2,0.1333,0.7267,0.1,0.04,False
8B,B0375|S02|E01|T01|003,B0375,S02,S03,2,0.2667,0.5967,0.09,0.0467,False
8B,B0375|S03|E01|T01|001,B0375,S03,S03,2,0.2467,0.6233,0.1133,0.0167,True
8B,B0375|S03|E01|T01|002,B0375,S03,S03,2,0.2333,0.6533,0.0267,0.0867,True
8B,B0375|S03|E01|T01|003,B0375,S03,S03,2,0.2767,0.5567,0.0467,0.12,True
8B,B0375|S04|E01|T01|001,B0375,S04,S03,2,0.3333,0.4033,0.1967,0.0667,False
8B,B0375|S04|E01|T01|002,B0375,S04,S03,2,0.29,0.5533,0.1433,0.0133,False
8B,B0375|S04|E01|T01|003,B0375,S04,S03,2,0.2933,0.4767,0.1667,0.0633,False
8B,B0375|S05|E01|T01|001,B0375,S05,S05,2,0.11,0.1033,0.16,0.6267,True
8B,B0375|S05|E01|T01|002,B0375,S05,S05,2,0.0867,0.2433,0.33,0.34,True
8B,B0375|S05|E01|T01|003,B0375,S05,S03,2,0.14,0.5767,0.1133,0.17,False
8B,B0375|S05|E01|T01|004,B0375,S05,S05,2,0.03,0.1633,0.11,0.6967,True
8B,B0375|S05|E01|T01|005,B0375,S05,S05,2,0.1433,0.08,0.0633,0.7133,True
8B,B0375|S05|E01|T01|006,B0375,S05,S05,2,0.2933,0.0567,0.0533,0.5967,True
8B,B0375|S05|E01|T01|007,B0375,S05,S05,2,0.3333,0.3067,0.02,0.34,True
8B,B0382|S02|E01|T01|001,B0382,S02,S03,2,0.35,0.3833,0.2433,0.0233,False
8B,B0382|S02|E01|T01|002,B0382,S02,S02,2,0.5033,0.2133,0.2167,0.0667,True
8B,B0382|S02|E01|T01|003,B0382,S02,S05,2,0.34,0.1733,0.1167,0.37,False
8B,B0382|S03|E01|T01|001,B0382,S03,S03,2,0.12,0.5333,0.0867,0.26,True
8B,B0382|S03|E01|T01|002,B0382,S03,S03,2,0.13,0.43,0.0833,0.3567,True
8B,B0382|S03|E01|T01|003,B0382,S03,S03,2,0.17,0.3967,0.0967,0.3367,True
8B,B0382|S04|E01|T01|001,B0382,S04,S05,2,0.1067,0.0433,0.2567,0.5933,False
8B,B0382|S04|E01|T01|002,B0382,S04,S05,2,0.0433,0.0533,0.1,0.8033,False
8B,B0382|S04|E01|T01|003,B0382,S04,S05,2,0.0633,0.05,0.16,0.7267,False
8B,B0382|S05|E01|T01|001,B0382,S05,S05,2,0.0667,0.0667,0.19,0.6767,True
8B,B0382|S05|E01|T01|002,B0382,S05,S05,2,0.0967,0.0267,0.15,0.7267,True
8B,B0382|S05|E01|T01|003,B0382,S05,S05,2,0.1133,0.0167,0.17,0.7,True
8B,B0388|S02|E01|T01|001,B0388,S02,S04,2,0.35,0.0267,0.5867,0.0367,False
8B,B0388|S02|E01|T01|002,B0388,S02,S04,2,0.31,0.02,0.6267,0.0433,False
8B,B0388|S02|E01|T01|003,B0388,S02,S04,2,0.26,0.0233,0.6033,0.1133,False
8B,B0388|S03|E01|T01|001,B0388,S03,S05,2,0.2933,0.0833,0.0533,0.57,False
8B,B0388|S03|E01|T01|002,B0388,S03,S02,2,0.5633,0.11,0.1,0.2267,False
8B,B0388|S03|E01|T01|003,B0388,S03,S05,2,0.37,0.0867,0.1167,0.4267,False
8B,B0388|S03|E01|T01|004,B0388,S03,S05,2,0.2467,0.03,0.09,0.6333,False
8B,B0388|S03|E01|T01|005,B0388,S03,S05,2,0.3433,0.1133,0.1067,0.4367,False
8B,B0388|S03|E01|T01|006,B0388,S03,S02,2,0.5533,0.02,0.0367,0.39,False
8B,B0388|S05|E01|T01|001,B0388,S05,S05,2,0.09,0.05,0.0433,0.8167,True
8B,B0388|S05|E01|T01|002,B0388,S05,S05,2,0.2067,0.0433,0.03,0.72,True
8B,B0388|S05|E01|T01|003,B0388,S05,S05,2,0.03,0.02,0.0233,0.9267,True
8B,B0396|S02|E01|T01|001,B0396,S02,S02,2,0.5667,0.3233,0.05,0.06,True
8B,B0396|S02|E01|T01|002,B0396,S02,S02,2,0.5867,0.1333,0.0733,0.2067,True
8B,B0396|S02|E01|T01|003,B0396,S02,S05,2,0.2567,0.1067,0.08,0.5567,False
8B,B0396|S03|E01|T01|001,B0396,S03,S03,2,0.24,0.3733,0.0733,0.3133,True
8B,B0396|S03|E01|T01|002,B0396,S03,S05,2,0.17,0.2533,0.0433,0.5333,False
8B,B0396|S03|E01|T01|003,B0396,S03,S05,2,0.3133,0.1867,0.0733,0.4267,False
8B,B0396|S04|E01|T01|001,B0396,S04,S05,2,0.06,0.0333,0.27,0.6367,False
8B,B0396|S04|E01|T01|002,B0396,S04,S04,2,0.1233,0.01,0.7733,0.0933,True
8B,B0396|S04|E01|T01|003,B0396,S04,S04,2,0.1567,0.0533,0.51,0.28,True
8B,B0396|S05|E01|T01|001,B0396,S05,S05,2,0.0,0.0,0.0333,0.9667,True
8B,B0396|S05|E01|T01|002,B0396,S05,S05,2,0.0133,0.0033,0.0267,0.9567,True
8B,B0396|S05|E01|T01|003,B0396,S05,S05,2,0.0267,0.0,0.02,0.9533,True
8B,B0401|S02|E01|T01|001,B0401,S02,S04,2,0.39,0.1233,0.48,0.0067,False
8B,B0401|S02|E01|T01|002,B0401,S02,S03,2,0.27,0.68,0.0433,0.0067,False
8B,B0401|S02|E01|T01|003,B0401,S02,S02,2,0.74,0.1667,0.0767,0.0167,True
8B,B0401|S03|E01|T01|001,B0401,S03,S03,2,0.0833,0.47,0.0967,0.35,True
8B,B0401|S03|E01|T01|002,B0401,S03,S05,2,0.15,0.1667,0.14,0.5433,False
8B,B0401|S03|E01|T01|003,B0401,S03,S05,2,0.01,0.04,0.2533,0.6967,False
8B,B0401|S05|E01|T01|001,B0401,S05,S03,2,0.0767,0.44,0.1033,0.38,False
8B,B0401|S05|E01|T01|002,B0401,S05,S05,2,0.0567,0.3467,0.24,0.3567,True
8B,B0401|S05|E01|T01|003,B0401,S05,S05,2,0.11,0.3367,0.0433,0.51,True
8B,B0401|S05|E01|T01|004,B0401,S05,S04,2,0.0367,0.19,0.4167,0.3567,False
8B,B0401|S05|E01|T01|005,B0401,S05,S05,2,0.07,0.2567,0.1367,0.5367,True
8B,B0401|S05|E01|T01|006,B0401,S05,S05,2,0.0267,0.1433,0.33,0.5,True
8B,B0401|S05|E01|T01|007,B0401,S05,S04,2,0.04,0.2167,0.4267,0.3167,False
8B,B0404|S02|E01|T01|001,B0404,S02,S03,2,0.3667,0.5067,0.12,0.0067,False
8B,B0404|S02|E01|T01|002,B0404,S02,S02,2,0.6667,0.1533,0.1767,0.0033,True
8B,B0404|S02|E01|T01|003,B0404,S02,S02,2,0.6433,0.31,0.0467,0.0,True
8B,B0404|S03|E01|T01|001,B0404,S03,S03,2,0.39,0.54,0.0667,0.0033,True
8B,B0404|S03|E01|T01|002,B0404,S03,S02,2,0.4967,0.4733,0.03,0.0,False
8B,B0404|S03|E01|T01|003,B0404,S03,S03,2,0.3133,0.59,0.0867,0.01,True
8B,B0404|S04|E01|T01|001,B0404,S04,S04,2,0.36,0.21,0.4167,0.0133,True
8B,B0404|S04|E01|T01|002,B0404,S04,S03,2,0.39,0.4233,0.18,0.0067,False
8B,B0404|S04|E01|T01|003,B0404,S04,S02,2,0.3933,0.33,0.2667,0.01,False
8B,B0404|S05|E01|T01|001,B0404,S05,S05,2,0.0733,0.05,0.08,0.7967,True
8B,B0404|S05|E01|T01|002,B0404,S05,S05,2,0.0433,0.0967,0.12,0.74,True
8B,B0404|S05|E01|T01|003,B0404,S05,S05,2,0.0533,0.0367,0.0633,0.8467,True
8B,B0374|S02|E01|T01|001,B0374,S02,S02,3,0.42,0.17,0.3567,0.0533,True
8B,B0374|S02|E01|T01|002,B0374,S02,S02,3,0.5233,0.1733,0.2767,0.0267,True
8B,B0374|S02|E01|T01|003,B0374,S02,S02,3,0.5967,0.09,0.26,0.0533,True
8B,B0374|S02|E01|T01|004,B0374,S02,S02,3,0.6833,0.1,0.18,0.0367,True
8B,B0374|S02|E01|T01|005,B0374,S02,S02,3,0.62,0.0867,0.2433,0.05,True
8B,B0374|S02|E01|T01|006,B0374,S02,S02,3,0.5367,0.0567,0.2733,0.1333,True
8B,B0374|S03|E01|T01|001,B0374,S03,S04,3,0.1833,0.1433,0.64,0.0333,False
8B,B0374|S03|E01|T01|002,B0374,S03,S04,3,0.22,0.26,0.5133,0.0067,False
8B,B0374|S03|E01|T01|003,B0374,S03,S02,3,0.4967,0.1967,0.3,0.0067,False
8B,B0374|S04|E01|T01|001,B0374,S04,S04,3,0.23,0.2167,0.54,0.0133,True
8B,B0374|S04|E01|T01|002,B0374,S04,S02,3,0.3833,0.2133,0.3767,0.0267,False
8B,B0374|S04|E01|T01|003,B0374,S04,S04,3,0.3267,0.12,0.5033,0.05,True
8B,B0374|S05|E01|T01|001,B0374,S05,S05,3,0.0267,0.0467,0.1167,0.81,True
8B,B0374|S05|E01|T01|002,B0374,S05,S05,3,0.03,0.1,0.1733,0.6967,True
8B,B0374|S05|E01|T01|003,B0374,S05,S05,3,0.01,0.1667,0.07,0.7533,True
8B,B0374|S05|E01|T01|004,B0374,S05,S03,3,0.0767,0.3967,0.14,0.3867,False
8B,B0377|S02|E01|T01|001,B0377,S02,S02,3,0.8533,0.06,0.0633,0.0233,True
8B,B0377|S02|E01|T01|002,B0377,S02,S02,3,0.5567,0.3067,0.1367,0.0,True
8B,B0377|S02|E01|T01|003,B0377,S02,S02,3,0.8333,0.1133,0.0467,0.0067,True
8B,B0377|S03|E01|T01|001,B0377,S03,S03,3,0.1,0.8833,0.0167,0.0,True
8B,B0377|S03|E01|T01|002,B0377,S03,S03,3,0.0733,0.9233,0.0033,0.0,True
8B,B0377|S03|E01|T01|003,B0377,S03,S03,3,0.0867,0.8733,0.0333,0.0067,True
8B,B0377|S05|E01|T01|001,B0377,S05,S04,3,0.0533,0.0533,0.5333,0.36,False
8B,B0377|S05|E01|T01|002,B0377,S05,S05,3,0.01,0.0067,0.1967,0.7867,True
8B,B0377|S05|E01|T01|003,B0377,S05,S05,3,0.0233,0.04,0.2233,0.7133,True
8B,B0378|S02|E01|T01|001,B0378,S02,S02,3,0.8033,0.1133,0.06,0.0233,True
8B,B0378|S02|E01|T01|002,B0378,S02,S02,3,0.6467,0.34,0.0133,0.0,True
8B,B0378|S02|E01|T01|003,B0378,S02,S02,3,0.7033,0.25,0.04,0.0067,True
8B,B0378|S03|E01|T01|001,B0378,S03,S03,3,0.1533,0.8133,0.0167,0.0167,True
8B,B0378|S03|E01|T01|002,B0378,S03,S03,3,0.2733,0.43,0.09,0.2067,True
8B,B0378|S03|E01|T01|003,B0378,S03,S03,3,0.1433,0.3733,0.1867,0.2967,True
8B,B0378|S04|E01|T01|001,B0378,S04,S04,3,0.2933,0.0267,0.6567,0.0233,True
8B,B0378|S04|E01|T01|002,B0378,S04,S04,3,0.4533,0.0367,0.4967,0.0133,True
8B,B0378|S04|E01|T01|003,B0378,S04,S04,3,0.2233,0.0933,0.6567,0.0267,True
8B,B0378|S05|E01|T01|001,B0378,S05,S05,3,0.03,0.01,0.0567,0.9033,True
8B,B0378|S05|E01|T01|002,B0378,S05,S05,3,0.06,0.3,0.13,0.51,True
8B,B0378|S05|E01|T01|003,B0378,S05,S05,3,0.0433,0.0333,0.1167,0.8067,True
8B,B0387|S02|E01|T01|001,B0387,S02,S02,3,0.7533,0.0567,0.1567,0.0333,True
8B,B0387|S02|E01|T01|002,B0387,S02,S02,3,0.7967,0.0133,0.1767,0.0133,True
8B,B0387|S02|E01|T01|003,B0387,S02,S02,3,0.7633,0.0567,0.15,0.03,True
8B,B0387|S03|E01|T01|001,B0387,S03,S02,3,0.6133,0.3167,0.05,0.02,False
8B,B0387|S03|E01|T01|002,B0387,S03,S03,3,0.3433,0.3833,0.2533,0.02,True
8B,B0387|S03|E01|T01|003,B0387,S03,S03,3,0.3367,0.4167,0.2167,0.03,True
8B,B0387|S04|E01|T01|001,B0387,S04,S04,3,0.13,0.03,0.78,0.06,True
8B,B0387|S04|E01|T01|002,B0387,S04,S04,3,0.0967,0.0267,0.8367,0.04,True
8B,B0387|S04|E01|T01|003,B0387,S04,S02,3,0.6033,0.0333,0.3367,0.0267,False
8B,B0387|S05|E01|T01|001,B0387,S05,S05,3,0.0033,0.0067,0.04,0.95,True
8B,B0387|S05|E01|T01|002,B0387,S05,S05,3,0.0133,0.0,0.1867,0.8,True
8B,B0387|S05|E01|T01|003,B0387,S05,S05,3,0.0267,0.06,0.2567,0.6567,True
8B,B0393|S02|E01|T01|001,B0393,S02,S02,3,0.3933,0.22,0.37,0.0167,True
8B,B0393|S02|E01|T01|002,B0393,S02,S02,3,0.7167,0.0767,0.19,0.0167,True
8B,B0393|S02|E01|T01|003,B0393,S02,S02,3,0.7767,0.0733,0.1467,0.0033,True
8B,B0393|S02|E01|T01|004,B0393,S02,S02,3,0.7067,0.1133,0.17,0.01,True
8B,B0393|S03|E01|T01|001,B0393,S03,S03,3,0.1567,0.8133,0.0233,0.0067,True
8B,B0393|S03|E01|T01|002,B0393,S03,S02,3,0.6433,0.23,0.1267,0.0,False
8B,B0393|S03|E01|T01|003,B0393,S03,S02,3,0.5667,0.2267,0.18,0.0267,False
8B,B0393|S04|E01|T01|001,B0393,S04,S02,3,0.6867,0.0367,0.2767,0.0,False
8B,B0393|S04|E01|T01|002,B0393,S04,S02,3,0.5433,0.0467,0.4,0.01,False
8B,B0393|S04|E01|T01|003,B0393,S04,S02,3,0.5867,0.0467,0.3633,0.0033,False
8B,B0393|S05|E01|T01|001,B0393,S05,S05,3,0.0033,0.04,0.1,0.8567,True
8B,B0393|S05|E01|T01|002,B0393,S05,S05,3,0.1233,0.08,0.1433,0.6533,True
8B,B0393|S05|E01|T01|003,B0393,S05,S05,3,0.21,0.0667,0.09,0.6333,True
8B,B0395|S02|E01|T01|001,B0395,S02,S02,3,0.5833,0.06,0.32,0.0367,True
8B,B0395|S02|E01|T01|002,B0395,S02,S02,3,0.5133,0.03,0.4233,0.0333,True
8B,B0395|S02|E01|T01|003,B0395,S02,S02,3,0.6967,0.04,0.2333,0.03,True
8B,B0395|S03|E01|T01|001,B0395,S03,S03,3,0.1767,0.5033,0.05,0.27,True
8B,B0395|S03|E01|T01|002,B0395,S03,S03,3,0.1333,0.4933,0.0833,0.29,True
8B,B0395|S03|E01|T01|003,B0395,S03,S03,3,0.09,0.6133,0.05,0.2467,True
8B,B0395|S04|E01|T01|001,B0395,S04,S04,3,0.36,0.0933,0.52,0.0267,True
8B,B0395|S04|E01|T01|002,B0395,S04,S04,3,0.2167,0.1967,0.5667,0.02,True
8B,B0395|S04|E01|T01|003,B0395,S04,S04,3,0.23,0.12,0.62,0.03,True
8B,B0395|S05|E01|T01|001,B0395,S05,S05,3,0.0233,0.0333,0.14,0.8033,True
8B,B0395|S05|E01|T01|002,B0395,S05,S05,3,0.0,0.0033,0.1,0.8967,True
8B,B0395|S05|E01|T01|003,B0395,S05,S05,3,0.0733,0.0233,0.15,0.7533,True
8B,B0400|S02|E01|T01|001,B0400,S02,S02,3,0.77,0.16,0.0633,0.0067,True
8B,B0400|S02|E01|T01|002,B0400,S02,S02,3,0.7833,0.0833,0.1267,0.0067,True
8B,B0400|S02|E01|T01|003,B0400,S02,S02,3,0.8067,0.0667,0.1233,0.0033,True
8B,B0400|S03|E01|T01|001,B0400,S03,S02,3,0.4833,0.48,0.03,0.0067,False
8B,B0400|S03|E01|T01|002,B0400,S03,S03,3,0.3,0.6767,0.0233,0.0,True
8B,B0400|S03|E01|T01|003,B0400,S03,S03,3,0.2733,0.7,0.0267,0.0,True
8B,B0400|S04|E01|T01|001,B0400,S04,S04,3,0.4,0.1567,0.43,0.0133,True
8B,B0400|S04|E01|T01|002,B0400,S04,S04,3,0.3233,0.0933,0.5767,0.0067,True
8B,B0400|S04|E01|T01|003,B0400,S04,S04,3,0.2867,0.0633,0.6433,0.0067,True
8B,B0400|S05|E01|T01|001,B0400,S05,S05,3,0.0733,0.17,0.2267,0.53,True
8B,B0400|S05|E01|T01|002,B0400,S05,S05,3,0.0733,0.18,0.2167,0.53,True
8B,B0400|S05|E01|T01|003,B0400,S05,S05,3,0.0233,0.02,0.1667,0.79,True
8B,B0376|S02|E01|T01|001,B0376,S02,S02,4,0.6067,0.12,0.27,0.0033,True
8B,B0376|S02|E01|T01|002,B0376,S02,S02,4,0.5967,0.1267,0.26,0.0167,True
8B,B0376|S02|E01|T01|003,B0376,S02,S02,4,0.6867,0.0667,0.21,0.0367,True
8B,B0376|S03|E01|T01|001,B0376,S03,S03,4,0.2333,0.7233,0.04,0.0033,True
8B,B0376|S03|E01|T01|002,B0376,S03,S03,4,0.2333,0.7,0.0533,0.0133,True
8B,B0376|S03|E01|T01|003,B0376,S03,S03,4,0.2633,0.69,0.0367,0.01,True
8B,B0376|S04|E01|T01|001,B0376,S04,S04,4,0.1933,0.17,0.6333,0.0033,True
8B,B0376|S04|E01|T01|002,B0376,S04,S04,4,0.1433,0.1633,0.6867,0.0067,True
8B,B0376|S04|E01|T01|003,B0376,S04,S04,4,0.1667,0.24,0.5933,0.0,True
8B,B0376|S05|E01|T01|001,B0376,S05,S05,4,0.2233,0.0967,0.14,0.54,True
8B,B0376|S05|E01|T01|002,B0376,S05,S05,4,0.22,0.13,0.1067,0.5433,True
8B,B0376|S05|E01|T01|003,B0376,S05,S02,4,0.3867,0.1267,0.3633,0.1233,False
8B,B0379|S02|E01|T01|001,B0379,S02,S03,4,0.1733,0.7967,0.0133,0.0167,False
8B,B0379|S02|E01|T01|002,B0379,S02,S02,4,0.6467,0.2567,0.01,0.0867,True
8B,B0379|S02|E01|T01|003,B0379,S02,S02,4,0.6167,0.3167,0.02,0.0467,True
8B,B0379|S02|E01|T01|004,B0379,S02,S03,4,0.1967,0.7567,0.0233,0.0233,False
8B,B0379|S03|E01|T01|001,B0379,S03,S03,4,0.1167,0.83,0.0333,0.02,True
8B,B0379|S03|E01|T01|002,B0379,S03,S03,4,0.1367,0.85,0.0033,0.01,True
8B,B0379|S03|E01|T01|003,B0379,S03,S03,4,0.11,0.8133,0.0433,0.0333,True
8B,B0379|S04|E01|T01|001,B0379,S04,S05,4,0.01,0.0167,0.02,0.9533,False
8B,B0379|S04|E01|T01|002,B0379,S04,S05,4,0.0667,0.0733,0.0467,0.8133,False
8B,B0379|S04|E01|T01|003,B0379,S04,S03,4,0.1267,0.7933,0.0667,0.0133,False
8B,B0379|S04|E01|T01|004,B0379,S04,S02,4,0.4233,0.38,0.1167,0.08,False
8B,B0379|S04|E01|T01|005,B0379,S04,S03,4,0.33,0.5167,0.1033,0.05,False
8B,B0379|S05|E01|T01|001,B0379,S05,S05,4,0.08,0.0333,0.06,0.8267,True
8B,B0379|S05|E01|T01|002,B0379,S05,S05,4,0.1667,0.0633,0.05,0.72,True
8B,B0379|S05|E01|T01|003,B0379,S05,S05,4,0.01,0.01,0.0267,0.9533,True
8B,B0380|S02|E01|T01|001,B0380,S02,S05,4,0.0,0.3167,0.0567,0.6267,False
8B,B0380|S02|E01|T01|002,B0380,S02,S05,4,0.0167,0.3733,0.08,0.53,False
8B,B0380|S02|E01|T01|003,B0380,S02,S03,4,0.0167,0.7367,0.0467,0.2,False
8B,B0380|S02|E01|T01|004,B0380,S02,S05,4,0.0,0.1967,0.0467,0.7567,False
8B,B0380|S03|E01|T01|001,B0380,S03,S03,4,0.1733,0.7967,0.0067,0.0233,True
8B,B0380|S03|E01|T01|002,B0380,S03,S03,4,0.1933,0.7933,0.0067,0.0067,True
8B,B0380|S03|E01|T01|003,B0380,S03,S03,4,0.1833,0.7667,0.0167,0.0333,True
8B,B0380|S04|E01|T01|001,B0380,S04,S04,4,0.3267,0.0567,0.6067,0.01,True
8B,B0380|S04|E01|T01|002,B0380,S04,S04,4,0.3567,0.1967,0.44,0.0067,True
8B,B0380|S04|E01|T01|003,B0380,S04,S02,4,0.4133,0.3233,0.1867,0.0767,False
8B,B0380|S05|E01|T01|001,B0380,S05,S05,4,0.1033,0.0467,0.4167,0.4333,True
8B,B0380|S05|E01|T01|002,B0380,S05,S04,4,0.1133,0.0567,0.5333,0.2967,False
8B,B0380|S05|E01|T01|003,B0380,S05,S05,4,0.19,0.02,0.18,0.61,True
8B,B0386|S02|E01|T01|001,B0386,S02,S02,4,0.4333,0.38,0.1667,0.02,True
8B,B0386|S02|E01|T01|002,B0386,S02,S02,4,0.5133,0.33,0.15,0.0067,True
8B,B0386|S02|E01|T01|003,B0386,S02,S04,4,0.3967,0.18,0.4133,0.01,False
8B,B0386|S03|E01|T01|001,B0386,S03,S03,4,0.0867,0.8733,0.0333,0.0067,True
8B,B0386|S03|E01|T01|002,B0386,S03,S03,4,0.0433,0.94,0.0133,0.0033,True
8B,B0386|S03|E01|T01|003,B0386,S03,S03,4,0.16,0.5933,0.2267,0.02,True
8B,B0386|S04|E01|T01|001,B0386,S04,S04,4,0.1533,0.05,0.7667,0.03,True
8B,B0386|S04|E01|T01|002,B0386,S04,S04,4,0.09,0.19,0.6933,0.0267,True
8B,B0386|S04|E01|T01|003,B0386,S04,S04,4,0.0933,0.17,0.73,0.0067,True
8B,B0386|S05|E01|T01|001,B0386,S05,S05,4,0.1833,0.05,0.1833,0.5833,True
8B,B0386|S05|E01|T01|002,B0386,S05,S04,4,0.3633,0.0467,0.4033,0.1867,False
8B,B0386|S05|E01|T01|003,B0386,S05,S04,4,0.1533,0.0833,0.6,0.1633,False
8B,B0394|S02|E01|T01|001,B0394,S02,S02,4,0.5367,0.0533,0.4067,0.0033,True
8B,B0394|S02|E01|T01|002,B0394,S02,S02,4,0.8,0.0667,0.13,0.0033,True
8B,B0394|S02|E01|T01|003,B0394,S02,S02,4,0.5833,0.1633,0.2467,0.0067,True
8B,B0394|S03|E01|T01|001,B0394,S03,S03,4,0.0933,0.8767,0.0267,0.0033,True
8B,B0394|S03|E01|T01|002,B0394,S03,S03,4,0.27,0.6733,0.0567,0.0,True
8B,B0394|S03|E01|T01|003,B0394,S03,S03,4,0.0767,0.8833,0.04,0.0,True
8B,B0394|S04|E01|T01|001,B0394,S04,S04,4,0.1133,0.0433,0.84,0.0033,True
8B,B0394|S04|E01|T01|002,B0394,S04,S04,4,0.0233,0.0267,0.94,0.01,True
8B,B0394|S04|E01|T01|003,B0394,S04,S02,4,0.4367,0.19,0.3533,0.02,False
8B,B0394|S05|E01|T01|001,B0394,S05,S05,4,0.0233,0.0133,0.0267,0.9367,True
8B,B0394|S05|E01|T01|002,B0394,S05,S05,4,0.0,0.0,0.01,0.99,True
8B,B0394|S05|E01|T01|003,B0394,S05,S05,4,0.0,0.0033,0.0033,0.9933,True
8B,B0402|S02|E01|T01|001,B0402,S02,S03,4,0.0033,0.8633,0.0133,0.12,False
8B,B0402|S02|E01|T01|002,B0402,S02,S03,4,0.0333,0.7633,0.0333,0.17,False
8B,B0402|S02|E01|T01|003,B0402,S02,S03,4,0.0433,0.76,0.0333,0.1633,False
8B,B0402|S02|E01|T01|004,B0402,S02,S03,4,0.02,0.8033,0.0533,0.1233,False
8B,B0402|S03|E01|T01|001,B0402,S03,S03,4,0.16,0.7967,0.0367,0.0067,True
8B,B0402|S03|E01|T01|002,B0402,S03,S02,4,0.6833,0.22,0.0867,0.01,False
8B,B0402|S03|E01|T01|003,B0402,S03,S02,4,0.6367,0.2233,0.13,0.01,False
8B,B0402|S04|E01|T01|001,B0402,S04,S04,4,0.3667,0.0667,0.56,0.0067,True
8B,B0402|S04|E01|T01|002,B0402,S04,S04,4,0.2733,0.0633,0.6533,0.01,True
8B,B0402|S04|E01|T01|003,B0402,S04,S04,4,0.1633,0.1,0.7333,0.0033,True
8B,B0402|S05|E01|T01|001,B0402,S05,S05,4,0.0133,0.0,0.0433,0.9433,True
8B,B0402|S05|E01|T01|002,B0402,S05,S05,4,0.0033,0.0067,0.0467,0.9433,True
8B,B0402|S05|E01|T01|003,B0402,S05,S05,4,0.0133,0.0167,0.04,0.93,True
8B,B0372|S02|E01|T01|001,B0372,S02,S02,5,0.54,0.09,0.2767,0.0933,True
8B,B0372|S02|E01|T01|002,B0372,S02,S02,5,0.55,0.09,0.2867,0.0733,True
8B,B0372|S02|E01|T01|003,B0372,S02,S02,5,0.53,0.1733,0.2267,0.07,True
8B,B0372|S03|E01|T01|001,B0372,S03,S02,5,0.6133,0.11,0.2567,0.02,False
8B,B0372|S03|E01|T01|002,B0372,S03,S02,5,0.5367,0.2233,0.2267,0.0133,False
8B,B0372|S03|E01|T01|003,B0372,S03,S02,5,0.51,0.15,0.3233,0.0167,False
8B,B0372|S04|E01|T01|001,B0372,S04,S04,5,0.1667,0.0367,0.7133,0.0833,True
8B,B0372|S04|E01|T01|002,B0372,S04,S04,5,0.1567,0.0433,0.73,0.07,True
8B,B0372|S04|E01|T01|003,B0372,S04,S04,5,0.3033,0.0267,0.6,0.07,True
8B,B0372|S05|E01|T01|001,B0372,S05,S05,5,0.0867,0.0333,0.2533,0.6267,True
8B,B0372|S05|E01|T01|002,B0372,S05,S05,5,0.0833,0.0333,0.16,0.7233,True
8B,B0372|S05|E01|T01|003,B0372,S05,S05,5,0.0433,0.05,0.12,0.7867,True
8B,B0383|S02|E01|T01|001,B0383,S02,S02,5,0.7633,0.1533,0.0267,0.0567,True
8B,B0383|S02|E01|T01|002,B0383,S02,S02,5,0.8567,0.1233,0.0033,0.0167,True
8B,B0383|S02|E01|T01|003,B0383,S02,S02,5,0.6533,0.1333,0.0267,0.1867,True
8B,B0383|S03|E01|T01|001,B0383,S03,S05,5,0.0067,0.0533,0.0,0.94,False
8B,B0383|S03|E01|T01|002,B0383,S03,S05,5,0.2767,0.11,0.0,0.6133,False
8B,B0383|S03|E01|T01|003,B0383,S03,S05,5,0.21,0.2567,0.0,0.5333,False
8B,B0383|S03|E01|T01|004,B0383,S03,S05,5,0.1867,0.3567,0.0033,0.4533,False
8B,B0383|S03|E01|T01|005,B0383,S03,S05,5,0.0067,0.0133,0.0,0.98,False
8B,B0383|S04|E01|T01|001,B0383,S04,S02,5,0.8367,0.0167,0.1067,0.04,False
8B,B0383|S04|E01|T01|002,B0383,S04,S02,5,0.6533,0.0467,0.1,0.2,False
8B,B0383|S04|E01|T01|003,B0383,S04,S04,5,0.39,0.0667,0.4833,0.06,True
8B,B0383|S05|E01|T01|001,B0383,S05,S05,5,0.17,0.2133,0.21,0.4067,True
8B,B0383|S05|E01|T01|002,B0383,S05,S05,5,0.1167,0.1167,0.1733,0.5933,True
8B,B0383|S05|E01|T01|003,B0383,S05,S02,5,0.6367,0.14,0.1067,0.1167,False
8B,B0384|S02|E01|T01|001,B0384,S02,S03,5,0.26,0.62,0.12,0.0,False
8B,B0384|S02|E01|T01|002,B0384,S02,S02,5,0.6267,0.3333,0.04,0.0,True
8B,B0384|S02|E01|T01|003,B0384,S02,S02,5,0.53,0.3967,0.0533,0.02,True
8B,B0384|S03|E01|T01|001,B0384,S03,S03,5,0.21,0.7767,0.0033,0.01,True
8B,B0384|S03|E01|T01|002,B0384,S03,S03,5,0.1433,0.8033,0.0533,0.0,True
8B,B0384|S03|E01|T01|003,B0384,S03,S03,5,0.12,0.8367,0.0433,0.0,True
8B,B0384|S04|E01|T01|001,B0384,S04,S02,5,0.7633,0.1367,0.0833,0.0167,False
8B,B0384|S04|E01|T01|002,B0384,S04,S04,5,0.1567,0.36,0.4833,0.0,True
8B,B0384|S04|E01|T01|003,B0384,S04,S03,5,0.2567,0.4167,0.3033,0.0233,False
8B,B0384|S05|E01|T01|001,B0384,S05,S05,5,0.01,0.0067,0.12,0.8633,True
8B,B0384|S05|E01|T01|002,B0384,S05,S05,5,0.0633,0.0133,0.0667,0.8567,True
8B,B0384|S05|E01|T01|003,B0384,S05,S05,5,0.01,0.0,0.04,0.95,True
8B,B0389|S02|E01|T01|001,B0389,S02,S04,5,0.3733,0.1667,0.44,0.02,False
8B,B0389|S02|E01|T01|002,B0389,S02,S02,5,0.7133,0.1633,0.1233,0.0,True
8B,B0389|S02|E01|T01|003,B0389,S02,S03,5,0.3533,0.39,0.2567,0.0,False
8B,B0389|S03|E01|T01|001,B0389,S03,S03,5,0.1767,0.7167,0.1033,0.0033,True
8B,B0389|S03|E01|T01|002,B0389,S03,S03,5,0.12,0.7933,0.0867,0.0,True
8B,B0389|S03|E01|T01|003,B0389,S03,S03,5,0.1867,0.5167,0.2833,0.0133,True
8B,B0389|S04|E01|T01|001,B0389,S04,S04,5,0.0733,0.02,0.8467,0.06,True
8B,B0389|S04|E01|T01|002,B0389,S04,S04,5,0.0733,0.0133,0.9033,0.01,True
8B,B0389|S04|E01|T01|003,B0389,S04,S04,5,0.0733,0.08,0.8,0.0467,True
8B,B0389|S05|E01|T01|001,B0389,S05,S05,5,0.0367,0.1,0.0067,0.8567,True
8B,B0389|S05|E01|T01|002,B0389,S05,S05,5,0.0967,0.0933,0.0033,0.8067,True
8B,B0389|S05|E01|T01|003,B0389,S05,S05,5,0.01,0.0267,0.0933,0.87,True
8B,B0398|S02|E01|T01|001,B0398,S02,S02,5,0.35,0.2,0.31,0.14,True
8B,B0398|S02|E01|T01|002,B0398,S02,S04,5,0.2433,0.0633,0.56,0.1333,False
8B,B0398|S02|E01|T01|003,B0398,S02,S04,5,0.2067,0.0833,0.53,0.18,False
8B,B0398|S03|E01|T01|001,B0398,S03,S04,5,0.1433,0.1367,0.5633,0.1567,False
8B,B0398|S03|E01|T01|002,B0398,S03,S04,5,0.17,0.14,0.63,0.06,False
8B,B0398|S03|E01|T01|003,B0398,S03,S04,5,0.1867,0.1267,0.6433,0.0433,False
8B,B0398|S04|E01|T01|001,B0398,S04,S04,5,0.1367,0.06,0.6367,0.1667,True
8B,B0398|S04|E01|T01|002,B0398,S04,S04,5,0.0733,0.12,0.79,0.0167,True
8B,B0398|S04|E01|T01|003,B0398,S04,S04,5,0.1733,0.11,0.67,0.0467,True
8B,B0398|S05|E01|T01|001,B0398,S05,S05,5,0.0733,0.0633,0.37,0.4933,True
8B,B0398|S05|E01|T01|002,B0398,S05,S05,5,0.05,0.03,0.1667,0.7533,True
8B,B0398|S05|E01|T01|003,B0398,S05,S05,5,0.09,0.07,0.39,0.45,True
8B,B0403|S02|E01|T01|001,B0403,S02,S02,5,0.61,0.19,0.1133,0.0867,True
8B,B0403|S02|E01|T01|002,B0403,S02,S02,5,0.8233,0.0867,0.07,0.02,True
8B,B0403|S02|E01|T01|003,B0403,S02,S02,5,0.96,0.0267,0.0033,0.01,True
8B,B0403|S03|E01|T01|001,B0403,S03,S02,5,0.4733,0.2367,0.2367,0.0533,False
8B,B0403|S03|E01|T01|002,B0403,S03,S04,5,0.22,0.25,0.5267,0.0033,False
8B,B0403|S03|E01|T01|003,B0403,S03,S02,5,0.6567,0.1867,0.14,0.0167,False
8B,B0403|S04|E01|T01|001,B0403,S04,S05,5,0.0367,0.13,0.0267,0.8067,False
8B,B0403|S04|E01|T01|002,B0403,S04,S05,5,0.09,0.0367,0.0033,0.87,False
8B,B0403|S04|E01|T01|003,B0403,S04,S05,5,0.09,0.2467,0.0,0.6633,False
8B,B0403|S04|E01|T01|004,B0403,S04,S05,5,0.0367,0.3367,0.0,0.6267,False
8B,B0403|S04|E01|T01|005,B0403,S04,S05,5,0.1333,0.09,0.03,0.7467,False
8B,B0403|S05|E01|T01|001,B0403,S05,S05,5,0.01,0.04,0.0033,0.9467,True
8B,B0403|S05|E01|T01|002,B0403,S05,S05,5,0.04,0.2333,0.0033,0.7233,True
8B,B0403|S05|E01|T01|003,B0403,S05,S05,5,0.09,0.0667,0.0,0.8433,True
8B,B0405|S02|E01|T01|001,B0405,S02,S02,5,0.4267,0.2333,0.3067,0.0333,True
8B,B0405|S02|E01|T01|002,B0405,S02,S02,5,0.4833,0.26,0.24,0.0167,True
8B,B0405|S02|E01|T01|003,B0405,S02,S02,5,0.5233,0.1933,0.2667,0.0167,True
8B,B0405|S03|E01|T01|001,B0405,S03,S03,5,0.34,0.4633,0.1967,0.0,True
8B,B0405|S03|E01|T01|002,B0405,S03,S03,5,0.22,0.67,0.1033,0.0067,True
8B,B0405|S03|E01|T01|003,B0405,S03,S03,5,0.2667,0.47,0.2567,0.0067,True
8B,B0405|S04|E01|T01|001,B0405,S04,S04,5,0.1367,0.3367,0.5,0.0267,True
8B,B0405|S04|E01|T01|002,B0405,S04,S04,5,0.12,0.05,0.7833,0.0467,True
8B,B0405|S04|E01|T01|003,B0405,S04,S04,5,0.1133,0.1533,0.7033,0.03,True
8B,B0405|S05|E01|T01|001,B0405,S05,S05,5,0.0033,0.0267,0.0567,0.9133,True
8B,B0405|S05|E01|T01|002,B0405,S05,S05,5,0.0,0.0,0.0267,0.9733,True
8B,B0405|S05|E01|T01|003,B0405,S05,S05,5,0.0333,0.0233,0.06,0.8833,True
