athlete,configuration_exists,S01,S02,S03,S04,S05,configuration_status
B0367,True,RFIN,RTOE,RTOE,RTOE,RTOE,validated
B0368,False,NOT_CONFIGURED,NOT_CONFIGURED,NOT_CONFIGURED,NOT_CONFIGURED,NOT_CONFIGURED,NOT_CONFIGURED
B0369,False,NOT_CONFIGURED,NOT_CONFIGURED,NOT_CONFIGURED,NOT_CONFIGURED,NOT_CONFIGURED,NOT_CONFIGURED
B0370,False,NOT_CONFIGURED,NOT_CONFIGURED,NOT_CONFIGURED,NOT_CONFIGURED,NOT_CONFIGURED,NOT_CONFIGURED
B0371,False,NOT_CONFIGURED,NOT_CONFIGURED,NOT_CONFIGURED,NOT_CONFIGURED,NOT_CONFIGURED,NOT_CONFIGURED
B0372,False,NOT_CONFIGURED,NOT_CONFIGURED,NOT_CONFIGURED,NOT_CONFIGURED,NOT_CONFIGURED,NOT_CONFIGURED
B0373,False,NOT_CONFIGURED,NOT_CONFIGURED,NOT_CONFIGURED,NOT_CONFIGURED,NOT_CONFIGURED,NOT_CONFIGURED
B0374,False,NOT_CONFIGURED,NOT_CONFIGURED,NOT_CONFIGURED,NOT_CONFIGURED,NOT_CONFIGURED,NOT_CONFIGURED
B0375,False,NOT_CONFIGURED,NOT_CONFIGURED,NOT_CONFIGURED,NOT_CONFIGURED,NOT_CONFIGURED,NOT_CONFIGURED
B0376,False,NOT_CONFIGURED,NOT_CONFIGURED,NOT_CONFIGURED,NOT_CONFIGURED,NOT_CONFIGURED,NOT_CONFIGURED
B0377,True,RFIN,RTOE,RTOE,LTOE,RTOE,provisional
B0378,False,NOT_CONFIGURED,NOT_CONFIGURED,NOT_CONFIGURED,NOT_CONFIGURED,NOT_CONFIGURED,NOT_CONFIGURED
B0379,False,NOT_CONFIGURED,NOT_CONFIGURED,NOT_CONFIGURED,NOT_CONFIGURED,NOT_CONFIGURED,NOT_CONFIGURED
B0380,False,NOT_CONFIGURED,NOT_CONFIGURED,NOT_CONFIGURED,NOT_CONFIGURED,NOT_CONFIGURED,NOT_CONFIGURED
B0381,False,NOT_CONFIGURED,NOT_CONFIGURED,NOT_CONFIGURED,NOT_CONFIGURED,NOT_CONFIGURED,NOT_CONFIGURED
B0382,False,NOT_CONFIGURED,NOT_CONFIGURED,NOT_CONFIGURED,NOT_CONFIGURED,NOT_CONFIGURED,NOT_CONFIGURED
B0383,False,NOT_CONFIGURED,NOT_CONFIGURED,NOT_CONFIGURED,NOT_CONFIGURED,NOT_CONFIGURED,NOT_CONFIGURED
B0384,False,NOT_CONFIGURED,NOT_CONFIGURED,NOT_CONFIGURED,NOT_CONFIGURED,NOT_CONFIGURED,NOT_CONFIGURED
B0385,False,NOT_CONFIGURED,NOT_CONFIGURED,NOT_CONFIGURED,NOT_CONFIGURED,NOT_CONFIGURED,NOT_CONFIGURED
B0386,False,NOT_CONFIGURED,NOT_CONFIGURED,NOT_CONFIGURED,NOT_CONFIGURED,NOT_CONFIGURED,NOT_CONFIGURED
B0387,False,NOT_CONFIGURED,NOT_CONFIGURED,NOT_CONFIGURED,NOT_CONFIGURED,NOT_CONFIGURED,NOT_CONFIGURED
B0388,False,NOT_CONFIGURED,NOT_CONFIGURED,NOT_CONFIGURED,NOT_CONFIGURED,NOT_CONFIGURED,NOT_CONFIGURED
B0389,False,NOT_CONFIGURED,NOT_CONFIGURED,NOT_CONFIGURED,NOT_CONFIGURED,NOT_CONFIGURED,NOT_CONFIGURED
B0391,False,NOT_CONFIGURED,NOT_CONFIGURED,NOT_CONFIGURED,NOT_CONFIGURED,NOT_CONFIGURED,NOT_CONFIGURED
B0392,False,NOT_CONFIGURED,NOT_CONFIGURED,NOT_CONFIGURED,NOT_CONFIGURED,NOT_CONFIGURED,NOT_CONFIGURED
B0393,False,NOT_CONFIGURED,NOT_CONFIGURED,NOT_CONFIGURED,NOT_CONFIGURED,NOT_CONFIGURED,NOT_CONFIGURED
B0394,False,NOT_CONFIGURED,NOT_CONFIGURED,NOT_CONFIGURED,NOT_CONFIGURED,NOT_CONFIGURED,NOT_CONFIGURED
B0395,False,NOT_CONFIGURED,NOT_CONFIGURED,NOT_CONFIGURED,NOT_CONFIGURED,NOT_CONFIGURED,NOT_CONFIGURED
B0396,False,NOT_CONFIGURED,NOT_CONFIGURED,NOT_CONFIGURED,NOT_CONFIGURED,NOT_CONFIGURED,NOT_CONFIGURED
B0398,False,NOT_CONFIGURED,NOT_CONFIGURED,NOT_CONFIGURED,NOT_CONFIGURED,NOT_CONFIGURED,NOT_CONFIGURED
B0399,False,NOT_CONFIGURED,NOT_CONFIGURED,NOT_CONFIGURED,NOT_CONFIGURED,NOT_CONFIGURED,NOT_CONFIGURED
B0400,False,NOT_CONFIGURED,NOT_CONFIGURED,NOT_CONFIGURED,NOT_CONFIGURED,NOT_CONFIGURED,NOT_CONFIGURED
B0401,False,NOT_CONFIGURED,NOT_CONFIGURED,NOT_CONFIGURED,NOT_CONFIGURED,NOT_CONFIGURED,NOT_CONFIGURED
B0402,False,NOT_CONFIGURED,NOT_CONFIGURED,NOT_CONFIGURED,NOT_CONFIGURED,NOT_CONFIGURED,NOT_CONFIGURED
B0403,False,NOT_CONFIGURED,NOT_CONFIGURED,NOT_CONFIGURED,NOT_CONFIGURED,NOT_CONFIGURED,NOT_CONFIGURED
B0404,False,NOT_CONFIGURED,NOT_CONFIGURED,NOT_CONFIGURED,NOT_CONFIGURED,NOT_CONFIGURED,NOT_CONFIGURED
B0405,False,NOT_CONFIGURED,NOT_CONFIGURED,NOT_CONFIGURED,NOT_CONFIGURED,NOT_CONFIGURED,NOT_CONFIGURED
