athlete_id,technique,RFIN,RTOE,LTOE,RANK,LANK,RHEE,LHEE
B0367,S01,True,True,True,True,True,True,True
B0367,S02,True,True,True,True,True,True,True
B0367,S03,True,True,True,True,True,True,True
B0367,S04,True,True,True,True,True,True,True
B0367,S05,True,True,True,True,True,True,True
B0368,S01,True,True,True,True,True,True,True
B0368,S02,True,True,True,True,True,True,True
B0368,S03,True,True,True,True,True,True,True
B0368,S04,True,True,True,True,True,True,True
B0368,S05,True,True,True,True,True,True,True
B0369,S01,True,True,True,True,True,True,True
B0369,S02,True,True,True,True,True,True,True
B0369,S03,True,True,True,True,True,True,True
B0369,S04,True,True,True,True,True,True,True
B0369,S05,True,True,True,True,True,True,True
B0370,S01,True,True,True,True,True,True,True
B0370,S02,True,True,True,True,True,True,True
B0370,S03,True,True,True,True,True,True,True
B0370,S04,True,True,True,True,True,True,True
B0371,S01,True,True,True,True,True,True,True
B0371,S02,True,True,True,True,True,True,True
B0371,S03,True,True,True,True,True,True,True
B0371,S04,True,True,True,True,True,True,True
B0371,S05,True,True,True,True,True,True,True
B0372,S01,True,True,True,True,True,True,True
B0372,S02,True,True,True,True,True,True,True
B0372,S03,True,True,True,True,True,True,True
B0372,S04,True,True,True,True,True,True,True
B0372,S05,True,True,True,True,True,True,True
B0373,S01,True,True,True,True,True,True,True
B0373,S02,True,True,True,True,True,True,True
B0373,S03,True,True,True,True,True,True,True
B0373,S04,True,True,True,True,True,True,True
B0373,S05,True,True,True,True,True,True,True
B0374,S01,True,True,True,True,True,True,True
B0374,S02,True,True,True,True,True,True,True
B0374,S03,True,True,True,True,True,True,True
B0374,S04,True,True,True,True,True,True,True
B0374,S05,True,True,True,True,True,True,True
B0375,S01,True,True,True,True,True,True,True
B0375,S02,True,True,True,True,True,True,True
B0375,S03,True,True,True,True,True,True,True
B0375,S04,True,True,True,True,True,True,True
B0375,S05,True,True,True,True,True,True,True
B0376,S01,True,True,True,True,True,True,True
B0376,S02,True,True,True,True,True,True,True
B0376,S03,True,True,True,True,True,True,True
B0376,S04,True,True,True,True,True,True,True
B0376,S05,True,True,True,True,True,True,True
B0377,S01,True,True,True,True,True,True,True
B0377,S02,True,True,True,True,True,True,True
B0377,S03,True,True,True,True,True,True,True
B0377,S04,True,True,True,True,True,True,True
B0377,S05,True,True,True,True,True,True,True
B0378,S01,True,True,True,True,True,True,True
B0378,S02,True,True,True,True,True,True,True
B0378,S03,True,True,True,True,True,True,True
B0378,S04,True,True,True,True,True,True,True
B0378,S05,True,True,True,True,True,True,True
B0379,S01,True,True,True,True,True,True,True
B0379,S02,True,True,True,True,True,True,True
B0379,S03,True,True,True,True,True,True,True
B0379,S04,True,True,True,True,True,True,True
B0379,S05,True,True,True,True,True,True,True
B0380,S01,True,True,True,True,True,True,True
B0380,S02,True,True,True,True,True,True,True
B0380,S03,True,True,True,True,True,True,True
B0380,S04,True,True,True,True,True,True,True
B0380,S05,True,True,True,True,True,True,True
B0380,S06,True,True,True,True,True,True,True
B0381,S01,True,True,True,True,True,True,True
B0381,S02,True,True,True,True,True,True,True
B0381,S03,True,True,True,True,True,True,True
B0381,S04,True,True,True,True,True,True,True
B0381,S05,True,True,True,True,True,True,True
B0382,S01,True,True,True,True,True,True,True
B0382,S02,True,True,True,True,True,True,True
B0382,S03,True,True,True,True,True,True,True
B0382,S04,True,True,True,True,True,True,True
B0382,S05,True,True,True,True,True,True,True
B0383,S01,True,True,True,True,True,True,True
B0383,S02,True,True,True,True,True,True,True
B0383,S03,True,True,True,True,True,True,True
B0383,S04,True,True,True,True,True,True,True
B0383,S05,True,True,True,True,True,True,True
B0384,S01,True,True,True,True,True,True,True
B0384,S02,True,True,True,True,True,True,True
B0384,S03,True,True,True,True,True,True,True
B0384,S04,True,True,True,True,True,True,True
B0384,S05,True,True,True,True,True,True,True
B0385,S01,True,True,True,True,True,True,True
B0385,S02,True,True,True,True,True,True,True
B0385,S03,True,True,True,True,True,True,True
B0385,S04,True,True,True,True,True,True,True
B0385,S05,True,True,True,True,True,True,True
B0386,S01,True,True,True,True,True,True,True
B0386,S02,True,True,True,True,True,True,True
B0386,S03,True,True,True,True,True,True,True
B0386,S04,True,True,True,True,True,True,True
B0386,S05,True,True,True,True,True,True,True
B0387,S01,True,True,True,True,True,True,True
B0387,S02,True,True,True,True,True,True,True
B0387,S03,True,True,True,True,True,True,True
B0387,S04,True,True,True,True,True,True,True
B0387,S05,True,True,True,True,True,True,True
B0388,S01,True,True,True,True,True,True,True
B0388,S02,True,True,True,True,True,True,True
B0388,S03,True,True,True,True,True,True,True
B0388,S04,True,True,True,True,True,True,True
B0388,S05,True,True,True,True,True,True,True
B0389,S01,True,True,True,True,True,True,True
B0389,S02,True,True,True,True,True,True,True
B0389,S03,True,True,True,True,True,True,True
B0389,S04,True,True,True,True,True,True,True
B0389,S05,True,True,True,True,True,True,True
B0391,S01,True,True,True,True,True,True,True
B0391,S02,True,True,True,True,True,True,True
B0391,S03,True,True,True,True,True,True,True
B0391,S04,True,True,True,True,True,True,True
B0391,S05,True,True,True,True,True,True,True
B0392,S01,True,True,True,True,True,True,True
B0392,S02,True,True,True,True,True,True,True
B0392,S03,True,True,True,True,True,True,True
B0392,S04,True,True,True,True,True,True,True
B0392,S05,True,True,True,True,True,True,True
B0393,S01,True,True,True,True,True,True,True
B0393,S02,True,True,True,True,True,True,True
B0393,S03,True,True,True,True,True,True,True
B0393,S04,True,True,True,True,True,True,True
B0393,S05,True,True,True,True,True,True,True
B0394,S01,True,True,True,True,True,True,True
B0394,S02,True,True,True,True,True,True,True
B0394,S03,True,True,True,True,True,True,True
B0394,S04,True,True,True,True,True,True,True
B0394,S05,True,True,True,True,True,True,True
B0395,S01,True,True,True,True,True,True,True
B0395,S02,True,True,True,True,True,True,True
B0395,S03,True,True,True,True,True,True,True
B0395,S04,True,True,True,True,True,True,True
B0395,S05,True,True,True,True,True,True,True
B0396,S01,True,True,True,True,True,True,True
B0396,S02,True,True,True,True,True,True,True
B0396,S03,True,True,True,True,True,True,True
B0396,S04,True,True,True,True,True,True,True
B0396,S05,True,True,True,True,True,True,True
B0398,S01,True,True,True,True,True,True,True
B0398,S02,True,True,True,True,True,True,True
B0398,S03,True,True,True,True,True,True,True
B0398,S04,True,True,True,True,True,True,True
B0398,S05,True,True,True,True,True,True,True
B0399,S01,True,True,True,True,True,True,True
B0399,S02,True,True,True,True,True,True,True
B0399,S03,True,True,True,True,True,True,True
B0399,S04,True,True,True,True,True,True,True
B0399,S05,True,True,True,True,True,True,True
B0400,S01,True,True,True,True,True,True,True
B0400,S02,True,True,True,True,True,True,True
B0400,S03,True,True,True,True,True,True,True
B0400,S04,True,True,True,True,True,True,True
B0400,S05,True,True,True,True,True,True,True
B0401,S01,True,True,True,True,True,True,True
B0401,S02,True,True,True,True,True,True,True
B0401,S03,True,True,True,True,True,True,True
B0401,S04,True,True,True,True,True,True,True
B0401,S05,True,True,True,True,True,True,True
B0402,S01,True,True,True,True,True,True,True
B0402,S02,True,True,True,True,True,True,True
B0402,S03,True,True,True,True,True,True,True
B0402,S04,True,True,True,True,True,True,True
B0402,S05,True,True,True,True,True,True,True
B0403,S01,True,True,True,True,True,True,True
B0403,S02,True,True,True,True,True,True,True
B0403,S03,True,True,True,True,True,True,True
B0403,S04,True,True,True,True,True,True,True
B0403,S05,True,True,True,True,True,True,True
B0404,S01,True,True,True,True,True,True,True
B0404,S02,True,True,True,True,True,True,True
B0404,S03,True,True,True,True,True,True,True
B0404,S04,True,True,True,True,True,True,True
B0404,S05,True,True,True,True,True,True,True
B0405,S01,True,True,True,True,True,True,True
B0405,S02,True,True,True,True,True,True,True
B0405,S03,True,True,True,True,True,True,True
B0405,S04,True,True,True,True,True,True,True
B0405,S05,True,True,True,True,True,True,True
