feature,group,n,mean,median,std,q25,q75
duration_s,correct,273,0.91767,0.928,0.21692,0.844,1.024
duration_s,error,146,0.76647,0.85,0.3181,0.492,0.976
time_to_peak_s,correct,273,0.32938,0.304,0.13053,0.272,0.34
time_to_peak_s,error,146,0.25674,0.274,0.10482,0.149,0.323
vmax,correct,273,7.90066,8.203,1.92777,6.955,9.167
vmax,error,146,6.61735,7.7085,3.46985,2.60325,8.9095
vmean,correct,273,4.34908,4.308,1.09905,3.837,4.829
vmean,error,146,3.5672,4.1985,1.75277,1.62925,4.76325
amax,correct,273,120.41018,125.94,53.3635,74.92,160.33
amax,error,146,109.08342,121.125,70.17962,33.4325,152.9225
displacement,correct,273,0.25972,0.182,0.23754,0.097,0.324
displacement,error,146,0.25828,0.1775,0.27068,0.10625,0.33625
path_length,correct,273,4.02708,4.043,1.10683,3.633,4.618
path_length,error,146,3.08516,3.918,1.84865,0.52825,4.328
hip_rom,correct,273,116.69626,118.8676,26.07402,102.10623,135.06711
hip_rom,error,146,101.80219,107.45861,35.68805,74.5095,129.76662
knee_rom,correct,273,132.55964,141.46675,33.82232,119.53502,155.09804
knee_rom,error,146,117.031,136.89744,48.35198,74.95796,151.86152
ankle_rom,correct,273,64.61101,61.82395,17.11899,51.79889,75.15722
ankle_rom,error,146,57.6541,57.00882,17.67929,47.63336,70.28937
