athlete_id,technique,recommended_signal,recommended_side,recommendation_status,evidence_summary,alternative_signal,alternative_side,alternative_reason
B0400,S01,RFIN,R,RECOMMENDED,"RFIN: vmax 5305 mm/s, snr 75.4, baseline 69, acc 5/10, sep 1.45s | lateral: finger R/L vmax 5.44/5.23 m/s ratio=1.04",LFIN,L,verificación lateral contralateral del puño
B0400,S02,RTOE,R,RECOMMENDED,"RTOE: vmax 8218 mm/s, snr 802.7, baseline 9, acc 3/4, sep 1.57s | lateral: toe R/L vmax 8.27/2.28 m/s ratio=3.63; ankle R/L vmax 6.00/2.20 m/s ratio=2.73; heel R/L vmax 6.23/2.29 m/s ratio=2.72",RANK,R,respaldo del mismo lado si el toe pierde rastreo
B0400,S03,RTOE,R,RECOMMENDED,"RTOE: vmax 8218 mm/s, snr 565.7, baseline 14, acc 3/4, sep 1.52s | lateral: toe R/L vmax 8.30/2.26 m/s ratio=3.67; ankle R/L vmax 6.14/2.20 m/s ratio=2.79; heel R/L vmax 6.51/2.32 m/s ratio=2.81",RANK,R,respaldo del mismo lado si el toe pierde rastreo
B0400,S04,RTOE,R,RECOMMENDED,"RTOE: vmax 9458 mm/s, snr 119.5, baseline 78, acc 3/6, sep 0.26s | lateral: toe R/L vmax 9.52/1.84 m/s ratio=5.18; ankle R/L vmax 6.70/1.72 m/s ratio=3.90; heel R/L vmax 6.90/1.83 m/s ratio=3.76",RANK,R,respaldo del mismo lado si el toe pierde rastreo
B0400,S05,RTOE,R,RECOMMENDED,"RTOE: vmax 6599 mm/s, snr 1750.0, baseline 3, acc 3/9, sep 1.66s | lateral: toe R/L vmax 6.61/2.37 m/s ratio=2.79; ankle R/L vmax 6.46/2.37 m/s ratio=2.73; heel R/L vmax 6.79/2.50 m/s ratio=2.72",RANK,R,respaldo del mismo lado si el toe pierde rastreo
B0371,S01,RFIN,R,NEEDS_VALIDATION,"RFIN: vmax 7035 mm/s, snr 6.6, baseline 1065, acc 3/7, sep 0.26s | lateral: finger R/L vmax 7.25/5.97 m/s ratio=1.21",LFIN,L,verificación lateral contralateral del puño
B0371,S02,RTOE,R,RECOMMENDED,"RTOE: vmax 11201 mm/s, snr 791.1, baseline 13, acc 3/4, sep 1.76s | lateral: toe R/L vmax 11.38/3.00 m/s ratio=3.79; ankle R/L vmax 9.20/2.75 m/s ratio=3.34; heel R/L vmax 9.44/2.87 m/s ratio=3.29",RANK,R,respaldo del mismo lado si el toe pierde rastreo
B0371,S03,RTOE,R,RECOMMENDED,"RTOE: vmax 10900 mm/s, snr 722.2, baseline 14, acc 3/10, sep 0.38s | lateral: toe R/L vmax 11.06/2.35 m/s ratio=4.70; ankle R/L vmax 7.82/2.13 m/s ratio=3.67; heel R/L vmax 8.02/3.11 m/s ratio=2.58",RANK,R,respaldo del mismo lado si el toe pierde rastreo
B0371,S04,RTOE,R,RECOMMENDED,"RTOE: vmax 11172 mm/s, snr 551.2, baseline 19, acc 3/7, sep 0.74s | lateral: toe R/L vmax 11.36/2.31 m/s ratio=4.91; ankle R/L vmax 8.22/2.74 m/s ratio=3.00; heel R/L vmax 8.35/4.01 m/s ratio=2.08",RANK,R,respaldo del mismo lado si el toe pierde rastreo
B0371,S05,RTOE,R,RECOMMENDED,"RTOE: vmax 9787 mm/s, snr 344.7, baseline 27, acc 3/3, sep 2.10s | lateral: toe R/L vmax 9.82/2.88 m/s ratio=3.41; ankle R/L vmax 8.64/2.72 m/s ratio=3.17; heel R/L vmax 9.18/3.53 m/s ratio=2.60",RANK,R,respaldo del mismo lado si el toe pierde rastreo
B0380,S01,RFIN,R,NEEDS_VALIDATION,"RFIN: vmax 5174 mm/s, snr 4.4, baseline 1184, acc 3/7, sep 0.52s | lateral: finger R/L vmax 5.36/5.20 m/s ratio=1.03",LFIN,L,verificación lateral contralateral del puño
B0380,S02,LTOE,L,RECOMMENDED,"LTOE: vmax 2572 mm/s, snr 28.3, baseline 90, acc 4/6, sep 0.99s | lateral: toe R/L vmax 9.01/2.58 m/s ratio=3.49; ankle R/L vmax 6.83/2.30 m/s ratio=2.98; heel R/L vmax 6.58/2.45 m/s ratio=2.68",LANK,L,respaldo del mismo lado si el toe pierde rastreo
B0380,S03,RTOE,R,RECOMMENDED,"RTOE: vmax 8338 mm/s, snr 567.3, baseline 14, acc 3/5, sep 0.81s | lateral: toe R/L vmax 8.44/1.98 m/s ratio=4.27; ankle R/L vmax 6.43/1.95 m/s ratio=3.30; heel R/L vmax 6.22/2.75 m/s ratio=2.26",RANK,R,respaldo del mismo lado si el toe pierde rastreo
B0380,S04,RTOE,R,RECOMMENDED,"RTOE: vmax 8646 mm/s, snr 116.4, baseline 73, acc 3/5, sep 1.05s | lateral: toe R/L vmax 8.77/2.26 m/s ratio=3.89; ankle R/L vmax 6.61/3.07 m/s ratio=2.16; heel R/L vmax 6.28/4.02 m/s ratio=1.56",RANK,R,respaldo del mismo lado si el toe pierde rastreo
B0380,S05,RTOE,R,RECOMMENDED,"RTOE: vmax 8766 mm/s, snr 229.0, baseline 37, acc 3/6, sep 0.84s | lateral: toe R/L vmax 8.85/2.08 m/s ratio=4.25; ankle R/L vmax 7.99/2.26 m/s ratio=3.54; heel R/L vmax 7.96/2.86 m/s ratio=2.78",RANK,R,respaldo del mismo lado si el toe pierde rastreo
